{
    "loss": 0.10223378241062164,
    "accuracy": 0.9629629850387573
}